-- phpMyAdmin SQL Dump
-- version 4.0.4.1
-- http://www.phpmyadmin.net
--
-- Host: 127.0.0.1
-- Generation Time: Dec 06, 2013 at 11:33 AM
-- Server version: 5.6.11
-- PHP Version: 5.5.3

SET SQL_MODE = "NO_AUTO_VALUE_ON_ZERO";
SET time_zone = "+00:00";

--
-- Database: `pemira`
--
CREATE DATABASE IF NOT EXISTS `pemira` DEFAULT CHARACTER SET latin1 COLLATE latin1_swedish_ci;
USE `pemira`;

-- --------------------------------------------------------

--
-- Table structure for table `admin`
--

CREATE TABLE IF NOT EXISTS `admin` (
  `username` varchar(30) NOT NULL,
  `password` varchar(100) NOT NULL,
  PRIMARY KEY (`username`)
) ENGINE=InnoDB DEFAULT CHARSET=latin1;

--
-- Dumping data for table `admin`
--

INSERT INTO `admin` (`username`, `password`) VALUES
('admin', 'e10adc3949ba59abbe56e057f20f883e');

-- --------------------------------------------------------

--
-- Table structure for table `calonpilihan`
--

CREATE TABLE IF NOT EXISTS `calonpilihan` (
  `id` int(11) NOT NULL AUTO_INCREMENT,
  `fkProdi` int(11) NOT NULL,
  `fkTipePilihan` int(11) NOT NULL,
  `nama` varchar(150) NOT NULL,
  `deskripsi` text NOT NULL,
  `foto` text NOT NULL,
  PRIMARY KEY (`id`),
  KEY `fkProdi` (`fkProdi`),
  KEY `fkTipePilihan` (`fkTipePilihan`)
) ENGINE=InnoDB  DEFAULT CHARSET=latin1 AUTO_INCREMENT=79 ;

--
-- Dumping data for table `calonpilihan`
--

INSERT INTO `calonpilihan` (`id`, `fkProdi`, `fkTipePilihan`, `nama`, `deskripsi`, `foto`) VALUES
(41, 1, 1, 'Muliya Jaya Fathullah', 'Apapun yang saya laksanakan berdasarkan amanah dari teman-teman, jika teman-teman percaya kepada saya dan meilih saya, maka saya tidak akan mengecewakan amanah tersebut.<br /><br />', 'images/2013-12-06-15-04-20MJ.jpg'),
(42, 1, 2, 'Fitri Kusuma Dewi', 'Calon MPM', 'images/2013-12-06-14-36-06Fitri Kusuma Dewi.jpg'),
(43, 1, 2, 'Hafizh Radifan Fakhry', 'Calon MPM', 'images/2013-12-06-14-38-58Hafizh Radifan Fakhry.png'),
(44, 1, 2, 'Ayu Chairunisa', 'Calon MPM', 'images/2013-12-06-14-36-37Ayu Chairunisa.jpg'),
(45, 1, 2, 'Nur Chomarillatifah', 'Calon MPM', 'images/2013-12-06-14-36-48Nur Chomarillatifah.jpg'),
(46, 2, 2, 'Ardhinata Bayu Kurniawan', 'Calon MPM', 'images/2013-12-06-15-04-50Ardhinata.jpg'),
(47, 2, 2, 'Elsan Alpha Karuniawan', 'Calon MPM', 'images/2013-12-06-15-04-59elsan.jpg'),
(48, 2, 2, 'Robby Cahyadi', 'Calon MPM', 'images/2013-12-06-15-05-58robby.png'),
(49, 5, 1, 'Adrian Darmika', 'Satu-satunya yang saya punya adalah jujur, saya percaya kepada ilmu jujur, seburuk-buruknya jujur pasti hasilnya akan baik. pilihlah dengan memakai otak.<br /><br /><br />', 'images/2013-12-06-15-00-34adrian.jpg'),
(50, 5, 2, 'Agung Laksono ', 'Calon MPM', 'images/2013-12-06-14-40-01agung laksono (1).png'),
(51, 5, 2, 'Ahmad Dhani', 'Calon MPM', 'images/2013-12-06-14-40-15AHMAD DANI.png'),
(52, 5, 2, 'Pradipta S.W', 'Calon MPM', 'images/2013-12-06-14-40-30pradipta satrio w.jpg'),
(53, 4, 1, 'Fathur ', 'Pilihlah dari hati, jangan pilih berdasarkan teman. Apa yang akan terjadi besok itu ditentukan hari ini, apa yang terjadi kepada anda besok itu ditentukan anda hari ini.<br /><br /><br /><br />', 'images/2013-12-06-14-51-35fathur rahman 1.jpg'),
(54, 6, 2, 'Arif Eliya Bengu', 'Calon MPM', 'images/2013-12-06-14-55-06Arif Eliya Bengu.jpg'),
(55, 6, 2, 'Arizal Ramadhana Setya Dewa', 'Calon MPM', 'images/2013-12-06-14-55-19Arizal.jpg'),
(56, 6, 2, 'Puspa Miranda', 'Calon MPM', 'images/2013-12-06-14-55-31Puspa Miranda.jpg'),
(57, 6, 2, 'Rohmat Qolbi S', 'Calon MPM', 'images/2013-12-06-14-55-4313Rohmat Qolbi S.jpg'),
(58, 6, 2, 'Teguh Yulianto', 'Calon MPM', 'images/2013-12-06-14-56-04Teguh Yulianto.jpg'),
(59, 3, 2, 'Aditya Pratama W', 'Calon MPM', 'images/2013-12-06-15-07-36Aditya.png'),
(60, 3, 2, 'Riziq Karunia Adi N', 'Calon MPM', 'images/2013-12-06-14-12-57RIZIQ.png'),
(61, 3, 2, 'Naufal Izzatur Rahman', 'Calon MPM', 'images/2013-12-06-14-13-34NAUFAL.png'),
(62, 3, 2, 'Tian Wahyudi', 'Calon MPM', 'images/2013-12-06-14-14-33TIAN.png'),
(63, 3, 2, 'M. Rizal F', 'Calon MPM', 'images/2013-12-06-14-14-49Rizal.png'),
(64, 7, 2, 'Nurjanah', 'Calon MPM', 'images/2013-12-06-14-15-56nurjanah.png'),
(65, 7, 2, 'Faizal Rachmansyah', 'Calon MPM', 'images/2013-12-06-14-16-07FAIZAL MPM.png'),
(66, 7, 2, 'Tofan Hidayat', 'Calon MPM', 'images/2013-12-06-14-16-22TOFAN MPM.png'),
(67, 7, 2, 'Maria Teresa', 'Calon MPM', 'images/2013-12-06-14-16-34MARIA MPM.png'),
(68, 7, 2, 'Agro Susanto', 'Calon MPM', 'images/2013-12-06-14-16-51AGRO MPM.png'),
(69, 2, 2, 'Rahardian Faizal Zuhdi', 'Calon MPM', 'images/2013-12-06-15-06-11Rahardian Faizal.jpg'),
(70, 4, 2, 'Mohammad Maliki Alvianto', 'Calon MPM', 'images/2013-12-06-14-53-59Maliki.png'),
(71, 4, 2, 'Fauzan Billy Damato', 'Calon MPM', 'images/2013-12-06-14-54-16billy.jpg'),
(72, 4, 2, 'Uray Muhamad Farhan', 'Calon MPM', 'images/2013-12-06-15-22-04IMG_21092518310535.jpeg'),
(73, 4, 2, 'Pipin Kurniawan ', 'Calon MPM', 'images/2013-12-06-14-54-29pipin.jpg'),
(74, 4, 2, 'Rizza Afsany', 'Calon MPM', 'images/2013-12-06-14-54-39rizza.jpg'),
(75, 2, 2, 'Wahyu Yulia Defi', 'Calon MPM', 'images/2013-12-06-15-06-44yulia.jpg'),
(76, 5, 2, 'Nanang Kartika S. W', 'Calon MPM', 'images/2013-12-06-14-41-36PicsArt_1386064971798.jpg'),
(77, 5, 2, 'Sakti Nurrahman', 'Calon MPM', 'images/2013-12-06-14-41-28sakti.jpg'),
(78, 1, 2, 'Rio Arief Rahman', 'Calon MPM', 'images/2013-12-06-14-36-57Rio Arief Rachman.jpg');

-- --------------------------------------------------------

--
-- Table structure for table `pemilih`
--

CREATE TABLE IF NOT EXISTS `pemilih` (
  `id` int(11) NOT NULL AUTO_INCREMENT,
  `nim` varchar(50) NOT NULL,
  `nama` varchar(150) NOT NULL,
  `email` varchar(250) NOT NULL,
  `fkProdi` int(11) DEFAULT NULL,
  `verifyCode` varchar(10) NOT NULL,
  `chosed` tinyint(1) DEFAULT NULL,
  PRIMARY KEY (`id`),
  UNIQUE KEY `nim` (`nim`),
  KEY `fkProdi` (`fkProdi`)
) ENGINE=InnoDB  DEFAULT CHARSET=latin1 AUTO_INCREMENT=3348 ;

--
-- Dumping data for table `pemilih`
--

INSERT INTO `pemilih` (`id`, `nim`, `nama`, `email`, `fkProdi`, `verifyCode`, `chosed`) VALUES
(2737, '0420120001', 'Afen Gunawan', '', 6, 'a4237', NULL),
(2738, '0420120002', 'Agung Dwi Purwandi', '', 6, '3843e', NULL),
(2739, '0420120003', 'Agung Santoso', '', 6, '1a79b', NULL),
(2740, '0420120004', 'Ahmad Fauzi', '', 6, 'a7359', NULL),
(2741, '0420120005', 'Alfhin Priawindara', '', 6, 'b51bd', NULL),
(2742, '0420120007', 'Amoret Bonnie Aristo', '', 6, 'bb0af', NULL),
(2743, '0420120008', 'Benedict ', '', 6, '17270', NULL),
(2744, '0420120009', 'Danu Widi Utomo', '', 6, '31142', NULL),
(2745, '0420120010', 'David Marselus', '', 6, 'fb34a', NULL),
(2746, '0420120011', 'Dennis Herlambang', '', 6, 'e9047', NULL),
(2747, '0420120013', 'Dilo Prihandito', '', 6, 'b48c3', NULL),
(2748, '0420120014', 'Dimas Finaldi', '', 6, '3a2d9', NULL),
(2749, '0420120015', 'Dzul Arel Rachman', '', 6, 'bcd1b', NULL),
(2750, '0420120016', 'Edy Ika Purwanto', '', 6, 'bf85d', NULL),
(2751, '0420120017', 'Eko Tumpal Prasetyo Sitorus', '', 6, '96f7b', NULL),
(2752, '0420120018', 'Fahmi Nugroho', '', 6, 'e0483', NULL),
(2753, '0420120019', 'Fandi Bagus Setiawan', '', 6, '64915', NULL),
(2754, '0420120020', 'Heerchessel Rumagit', '', 6, '6c2b2', NULL),
(2755, '0420120021', 'Irfan Eka Putra', '', 6, '3d6f5', NULL),
(2756, '0420120022', 'Lius Widyatniko', '', 6, '0a173', NULL),
(2757, '0420120023', 'Muhammad Abdul Rohman', '', 6, '490d2', NULL),
(2758, '0420120012', 'Dikki Saeful Alim', 'dikkisaefulalim@gmail.com', 6, '5acc6', NULL),
(2759, '0420120024', 'Muhammad Rizki Marsudi', 'marsudi15rizki@gmail.com', 6, 'bedee', NULL),
(2760, '0420120025', 'Muhammad Syahid', 'muhammad.syahid1994@gmail.com', 6, 'afad2', NULL),
(2761, '0420120026', 'Muhammian Aga Arashi', 'aga.arashi@gmail.com', 6, 'e2b06', NULL),
(2762, '0420120027', 'Nanang Prawiro Diharja', 'nanangprawiro@gmail.com', 6, 'a4b64', NULL),
(2763, '0420120028', 'Nurimajiid Nugroho', 'nurimajiid.polmanastra@gmail.com', 6, '154b4', NULL),
(2764, '0420120029', 'Perdana Zhafirin Pramudita', 'zhafirin.perdana@yahoo.com', 6, 'bbc8d', NULL),
(2765, '0420120030', 'Raden Achmad Haryadi', 'mamadhharyadi@gmail.com', 6, 'b3b95', NULL),
(2766, '0420120031', 'Radhitya Bintang Perdana', 'ratdhitya@yahoo.co.id', 6, 'ebea2', NULL),
(2767, '0420120032', 'Raka Sidiq Bachtiar', 'rakasidiq93@gmail.com', 6, '3f4b2', NULL),
(2768, '0420120033', 'Reno Alvalenza Harris', 'renoalvalenza@gmail.com', 6, '5a5d4', NULL),
(2769, '0420120034', 'Resti Oktaviyani', 'restioktaviyani@gmail.com', 6, 'cafd1', NULL),
(2770, '0420120035', 'Ridwan Fajarudin', 'ridwan.fajarudin@gmail.com', 6, '47d3e', NULL),
(2771, '0420120036', 'Robin Dharma Putra Hermawan', 'hermawan23robin@gmail.com', 6, '085c2', NULL),
(2772, '0420120037', 'Saepul Rohmat', 'saepulrohmat96@gmail.com', 6, '3f947', NULL),
(2773, '0420120039', 'Sandi Rilo Pambudi', 'rilopambudi15@gmail.com', 6, '5484b', NULL),
(2774, '0420120040', 'Satya Adhi Purwanto', 'adhisatya@gmail.com', 6, '51bce', NULL),
(2775, '0420120041', 'Sigit Diki Murdiyanto', 'murdiyanto.sigit@gmail.com', 6, 'e9fb1', NULL),
(2776, '0420120043', 'Teguh Wibowo', 'teguhwibowo3@gmail.com', 6, 'c2d25', NULL),
(2777, '0420120044', 'Wahyu Febriyansyah', 'wahyu.febriyansyah@gmail.com', 6, 'cd35c', NULL),
(2778, '0420120045', 'Abidi Pracahyo', '', 4, '57064', NULL),
(2779, '0420120046', 'Adi Juliyanda', '', 4, '60748', NULL),
(2780, '0420120047', 'Andhika Dhimas Oktayana', '', 4, '4fd99', NULL),
(2781, '0420120048', 'Anggi Aryanto', '', 4, 'c7080', NULL),
(2782, '0420120049', 'Arva Dwi Andika', '', 4, '08316', NULL),
(2783, '0420120050', 'Asyik Wicaksono', '', 4, 'e79c8', NULL),
(2784, '0420120051', 'Darmawan Andreanto', '', 4, '20eb9', NULL),
(2785, '0420120052', 'Dwi Hariyanto', '', 4, '2fc00', NULL),
(2786, '0420120053', 'Eka Tri Utama Tagor Harahap', '', 4, 'c4e39', NULL),
(2787, '0420120054', 'Fajar Ariyahya', '', 4, 'a0093', NULL),
(2788, '0420120055', 'Galih Satya Dharma', '', 4, '4d405', NULL),
(2789, '0420120056', 'Hamid Nuris Wijaya', '', 4, '7c4f0', NULL),
(2790, '0420120057', 'Indri Murtianto', '', 4, '2e57d', NULL),
(2791, '0420120058', 'Irfan Budianto', '', 4, '1b969', NULL),
(2792, '0420120059', 'Kristianto Eka Adiraya', '', 4, '9631f', NULL),
(2793, '0420120060', 'Lutfi Widya Kurnia', '', 4, '0f5e2', NULL),
(2794, '0420120061', 'Maulana Haris Hidayat', '', 4, '62d77', NULL),
(2795, '0420120062', 'Muhammad Hidayah Heryunda', '', 4, '7a84b', NULL),
(2796, '0420120063', 'Muhammad Nur Rahman', '', 4, 'e716e', NULL),
(2797, '0420120064', 'Muhammad Zainul Arifin', '', 4, 'd4928', NULL),
(2798, '0420120065', 'Muriono', '', 4, '5a487', NULL),
(2799, '0420120066', 'Nur Rofiq Syuhada', '', 4, '9bcf5', NULL),
(2800, '0420120067', 'Oni Rajan Siando', '', 4, '006d3', NULL),
(2801, '0420120068', 'Poniman', '', 4, 'a2db0', NULL),
(2802, '0420120069', 'Rudi Rosidin', '', 4, '4bf95', NULL),
(2803, '0420120070', 'Samsul Arifin', '', 4, 'ad230', NULL),
(2804, '0420120071', 'Setyo Dimas Kuncoro', '', 4, '4d8e7', NULL),
(2805, '0420120072', 'Vicky Puji Arrianto', '', 4, 'fa983', NULL),
(2806, '0420120073', 'Warih Hanggo Prasetyo', '', 4, 'ec1fe', NULL),
(2807, '0420120074', 'Yosep Mario Silalahi', '', 4, '34b9e', NULL),
(2808, '0420120075', 'Yulius Anggi Setiawan', '', 4, '92459', NULL),
(2809, '0420110049', 'Abdul Gafur', '', 4, '63346', NULL),
(2810, '0420110050', 'Achmad Farisi Hamzah', '', 4, 'f7b83', NULL),
(2811, '0420110051', 'Achmad Satria Nugraha', '', 4, '47da0', NULL),
(2812, '0420110052', 'Alex Richardo Manalu', '', 4, '6c8bc', NULL),
(2813, '0420110053', 'Andi Gunawan', '', 4, 'da5a4', NULL),
(2814, '0420110054', 'Andika Darsono', '', 4, 'bce7a', NULL),
(2815, '0420110055', 'Arif Adi Santoso', '', 4, 'f681b', NULL),
(2816, '0420110056', 'Bayu Rony Samudera', '', 4, 'ae3ac', NULL),
(2817, '0420110057', 'Boggy Rian Mahendra W', '', 4, '3c283', NULL),
(2818, '0420110058', 'Daniel Nababan', '', 4, '55fcc', NULL),
(2819, '0420110059', 'Dede Dani Rahman', '', 4, '5b8b2', NULL),
(2820, '0420110060', 'Edi Januri', '', 4, '2d9bc', NULL),
(2821, '0420110061', 'Frizky Marwan Satya', '', 4, 'eeb5e', NULL),
(2822, '0420110062', 'Galih Pangestu', '', 4, 'b1713', NULL),
(2823, '0420110063', 'Hasan Basri', '', 4, '6f580', NULL),
(2824, '0420110064', 'Heri Siswanto', '', 4, '8abbc', NULL),
(2825, '0420110065', 'Herry Irawan Marbun', '', 4, '86449', NULL),
(2826, '0420110066', 'Imam Munandar', '', 4, 'e48a5', NULL),
(2827, '0420110067', 'Lutfi Mujahidin', '', 4, 'cfa5c', NULL),
(2828, '0420110068', 'Mashur Ridho Widi', '', 4, 'dc766', NULL),
(2829, '0420110069', 'Muhammad Hardiyanto', '', 4, '00f68', NULL),
(2830, '0420110070', 'Peby Hamzani S', '', 4, '72ca3', NULL),
(2831, '0420110071', 'Rapli Agustian', '', 4, '884d4', NULL),
(2832, '0420110072', 'Rahmad Epan Kurniawan', '', 4, '59c71', NULL),
(2833, '0420110073', 'Rahmat Firdaus', '', 4, 'd3f59', NULL),
(2834, '0420110074', 'Reggy Gumelar', '', 4, 'b8d03', NULL),
(2835, '0420110075', 'Reza Andhika Putra', '', 4, '610d9', NULL),
(2836, '0420110076', 'Rheza Mahesa', '', 4, 'd4034', NULL),
(2837, '0420110077', 'Rikky Cahya Ramadhan', '', 4, 'a173a', NULL),
(2838, '0420110078', 'Rio Eko Nugroho', '', 4, '82d48', NULL),
(2839, '0420110079', 'Ryan Kurniawan', '', 4, '28161', NULL),
(2840, '0420110080', 'Samuel Ibrahim', '', 4, '5f27a', NULL),
(2841, '0420110081', 'Samuel Tri Yuwanto', '', 4, '88871', NULL),
(2842, '0420110082', 'Sidiq Nur Khalifatullah', '', 4, '6c36b', NULL),
(2843, '0420110083', 'Syahrozi Lasmana Macvuzhar', '', 4, 'fc1c0', NULL),
(2844, '0420110084', 'Wisnu Pradana Setiawan', '', 4, '11d1b', NULL),
(2845, '0220110043', 'Adhi Ramli', '', 2, '5a616', NULL),
(2846, '0220110044', 'Apit Hidayat', '', 2, 'c13a8', NULL),
(2847, '0220110045', 'Aulia Nur Rahman', '', 2, 'c073d', NULL),
(2848, '0220110046', 'Bayu Wibowo', '', 2, '9235c', NULL),
(2849, '0220110047', 'Dio Jufrianda', '', 2, '9954e', NULL),
(2850, '0220110048', 'Ekkie Galih Ramadhan', '', 2, '57f60', NULL),
(2851, '0220110050', 'Fathan Fajar', '', 2, '2161f', NULL),
(2852, '0220110051', 'Galang Pandusatya', '', 2, 'b93b5', NULL),
(2853, '0220110052', 'Ginanjar Jati Jiwandana', '', 2, 'e1b84', NULL),
(2854, '0220110054', 'Muhammad Adnan Yazid F', '', 2, '3fe6b', NULL),
(2855, '0220110055', 'Muhammad Agus Syahroni', '', 2, '79b4d', NULL),
(2856, '0220110056', 'Muhammad Chaerullah', '', 2, 'fd63e', NULL),
(2857, '0220110058', 'Muhammad Murdiantoro', '', 2, '19988', NULL),
(2858, '0220110062', 'Rika Kusuma', '', 2, '57b28', NULL),
(2859, '0220110063', 'Riska Affrilianti', '', 2, '6974a', NULL),
(2860, '0220110066', 'Sutrisno Alex S Hutauruk', '', 2, 'ad937', NULL),
(2861, '0220110067', 'Wilis Nurul Fikri', '', 2, '01ed3', NULL),
(2862, '0220110068', 'Yudha Wijaya', '', 2, '3c8a2', NULL),
(2866, '0120130001', 'Alin Shodiq', '', 3, '2ff44', NULL),
(2867, '0120130002', 'Arifudin', '', 3, '7d843', NULL),
(2868, '0120130003', 'Bagus Syihabudin', '', 3, 'd3d20', NULL),
(2869, '0120130004', 'Budi Senja Rahayu', '', 3, '163b4', NULL),
(2870, '0120130005', 'Fachreza Ekky Putra', '', 3, 'b24f4', NULL),
(2871, '0120130006', 'Fahri Fadly', '', 3, '98d50', NULL),
(2872, '0120130007', 'Galih Jati Kusumo', '', 3, '86cd4', NULL),
(2873, '0120130008', 'Hendriyanto Aziz', '', 3, '2955a', NULL),
(2874, '0120130009', 'Irpan Maulana', '', 3, 'b0034', NULL),
(2875, '0120130010', 'Krisna Dwiki ', '', 3, '0eb96', NULL),
(2876, '0120130011', 'Mohamad Fahrul Rozi', '', 3, '09d78', NULL),
(2877, '0120130012', 'Muhammad Rizal Fathoni', '', 3, '62d50', NULL),
(2878, '0120130013', 'Naufal Izzatur Rahman', '', 3, 'e7b55', NULL),
(2879, '0120130014', 'Raiszul Fadli Nugraha', '', 3, 'e881d', NULL),
(2880, '0120130015', 'Ricky Harto Nugroho', '', 3, 'c15b2', NULL),
(2881, '0120130016', 'Riziq Karunia Adi Noegroho', '', 3, '19026', NULL),
(2882, '0120130017', 'Rudi Yuniansyah', '', 3, '03e66', NULL),
(2883, '0120130018', 'Sayyid Ridho', '', 3, '2f0ae', NULL),
(2884, '0120130019', 'Suswantoro', '', 3, '6a5b5', NULL),
(2885, '0120130020', 'Tanjung Agus Purwanto', '', 3, '3ede5', NULL),
(2886, '0120130021', 'Tian Wahyudi', '', 3, 'b1f67', NULL),
(2887, '0120130022', 'Ujang Irwan Nugraha', '', 3, '30325', NULL),
(2888, '0120130023', 'Yopi Guproni', '', 3, 'ffd71', NULL),
(2889, '0120120001', 'Aditya Pranata Gama', '', 3, 'a3e7d', NULL),
(2890, '0120120002', 'Aditya Pratama Windyasto', '', 3, '68142', NULL),
(2891, '0120120003', 'Ahya Al Anshori', '', 3, 'ea4f7', NULL),
(2892, '0120120004', 'Alvin Wiranata', '', 3, '14ad3', NULL),
(2893, '0120120005', 'Aver John Temorubun', '', 3, 'f0afc', NULL),
(2894, '0120120006', 'Bayu Aji Eko Kuncoro', '', 3, '7279b', NULL),
(2895, '0120120008', 'Eko Ari Wibowo', '', 3, '76760', NULL),
(2896, '0120120009', 'Fajar Suhartoyo', '', 3, 'd35a4', NULL),
(2897, '0120120010', 'Ghifari Aditya Rahman', '', 3, '8b8b0', NULL),
(2898, '0120120011', 'Hardyan Achmad Rifai', '', 3, 'e7360', NULL),
(2899, '0120120012', 'Hasan Mustofa', '', 3, '8935f', NULL),
(2900, '0120120013', 'Iqbal Fauzi', '', 3, 'daa1e', NULL),
(2901, '0120120014', 'Joko Sukirno Putro', '', 3, '07dea', NULL),
(2902, '0120120015', 'Kurnia Kansada', '', 3, 'a23f7', NULL),
(2903, '0120120016', 'Mohammad Irvan Subaini', '', 3, '76242', NULL),
(2904, '0120120017', 'Naguib Mahfoudz', '', 3, '3b353', NULL),
(2905, '0120120018', 'Raden Haris Rafsanjani Setjadipoera', '', 3, 'a317c', NULL),
(2906, '0120120019', 'Rama Satria Pradhikta', '', 3, 'b56c2', NULL),
(2907, '0120120020', 'Rangga Satria Nugraha', '', 3, 'dcc28', NULL),
(2908, '0120120021', 'Sigit Ari Harmani', '', 3, 'dff35', NULL),
(2909, '0120120022', 'Susilo Raharjo', '', 3, 'e5d5c', NULL),
(2910, '0120120023', 'Taupik Setiawan', '', 3, '77f8a', NULL),
(2911, '0120120024', 'Wahyu Diono', '', 3, 'b7a4e', NULL),
(2912, '0120120025', 'Wirya Wirawan', '', 3, '1406a', NULL),
(2913, '0120120026', 'Zulfadhli Wanda Pratama', '', 3, 'd6bcd', NULL),
(2914, '0120110001', 'Abdul Muhammad Gani', '', 3, '26520', NULL),
(2915, '0120110002', 'Afif Rifai', '', 3, 'aa9c5', NULL),
(2916, '0120110003', 'Afriana Aghata R', '', 3, '9718d', NULL),
(2917, '0120110004', 'Ah Syaifuddin', '', 3, 'b0c39', NULL),
(2918, '0120110005', 'Alexander Hendra Gunawan', '', 3, '67a83', NULL),
(2919, '0120110006', 'Amri Syaipurrokhman', '', 3, 'cfa28', NULL),
(2920, '0120110007', 'Andi Refrida Sulistiyanto', '', 3, '5b48a', NULL),
(2921, '0120110008', 'Aris Damai Nurcahyo', '', 3, 'fa032', NULL),
(2922, '0120110010', 'Budi Darmawan', '', 3, '3d87c', NULL),
(2923, '0120110012', 'Fajar Rahmawan', '', 3, '42217', NULL),
(2924, '0120110013', 'Hasbi Ramadhani Putra', '', 3, '5cfd6', NULL),
(2925, '0120110014', 'Machful Maarif', '', 3, 'bac09', NULL),
(2926, '0120110015', 'Mohammad Sholeh Ra', '', 3, '93d23', NULL),
(2927, '0120110016', 'Regi Rinaldi Kirana', '', 3, 'f86e2', NULL),
(2928, '0120110017', 'Resky Eka Prasetya W', '', 3, 'b86e2', NULL),
(2929, '0120110018', 'Solikin', '', 3, '43e54', NULL),
(2930, '0120110019', 'Triyanto Kahariadi', '', 3, 'f88ab', NULL),
(2931, '0120110020', 'Vicky Ferdinand', '', 3, 'a69a1', NULL),
(2932, '0120110021', 'Vincensius Herdani Agung Nugroho', '', 3, 'c322f', NULL),
(2933, '0120110022', 'Yohanes Hendrick', '', 3, '25606', NULL),
(2934, '0220130001', 'Achmad Nursyauqi', '', 5, '8720e', NULL),
(2935, '0220130002', 'Adi Sulistiyawan', '', 5, '2b958', NULL),
(2936, '0220130003', 'Agung Laksono', '', 5, '340a6', NULL),
(2937, '0220130004', 'Ahmad Dhani A', '', 5, 'e8158', NULL),
(2938, '0220130005', 'Ahmad Zaenufi', '', 5, '7b4f9', NULL),
(2939, '0220130006', 'Aji Ibrahim Yudigantara', '', 5, '65121', NULL),
(2940, '0220130007', 'Amanda Putri Hasanah', '', 5, 'c7d7d', NULL),
(2941, '0220130008', 'Dhika Andhika M', '', 5, 'cbbb4', NULL),
(2942, '0220130009', 'Dimas Aryanto', '', 5, '9a0b3', NULL),
(2943, '0220130010', 'Distoto Sriwansyah', '', 5, 'd223d', NULL),
(2944, '0220130011', 'Erick Hermawan', '', 5, '29879', NULL),
(2945, '0220130012', 'Evinda Oktaviani', '', 5, 'e0e77', NULL),
(2946, '0220130013', 'Fahmi Romadhona', '', 5, '25e70', NULL),
(2947, '0220130014', 'Farid Makruf', '', 5, '78b12', NULL),
(2948, '0220130015', 'Fauzi Abdurrahman', '', 5, '810c1', NULL),
(2949, '0220130016', 'Galih Erdi Willyarto', '', 5, '67e06', NULL),
(2950, '0220130017', 'Ismail Bahtiar', '', 5, '3139d', NULL),
(2951, '0220130018', 'Khairiyyah Azatil Ismah', '', 5, 'bd9ca', NULL),
(2952, '0220130019', 'Kiki Amalia', '', 5, '91d8e', NULL),
(2953, '0220130020', 'Maria Theresia Situmorang', '', 5, '21a35', NULL),
(2954, '0220130021', 'Muhammad Purdayanto', '', 5, '26c5b', NULL),
(2955, '0220130022', 'Nanang Kartika Susiyani Wahab', '', 5, '46497', NULL),
(2956, '0220130023', 'Nasirudin Hilmi', '', 5, 'f04f4', NULL),
(2957, '0220130024', 'Pradipta Satrio Wibisono', '', 5, '50384', NULL),
(2958, '0220130025', 'Rama Gurnito', '', 5, '5e72c', NULL),
(2959, '0220130026', 'Rikza Azka Mumtaz', '', 5, '4ee54', NULL),
(2960, '0220130027', 'Rizal Maulana', '', 5, 'f7f7b', NULL),
(2961, '0220130028', 'Sakti Nurrahman', '', 5, '18314', NULL),
(2962, '0220130029', 'Viki Fathur Rahman', '', 5, '2c3cc', NULL),
(2963, '0220130030', 'Wahyu Utari', '', 5, '7e63f', NULL),
(2964, '0220130031', 'Yogi Eko Putro', '', 5, '41bfd', NULL),
(2965, '0220130032', 'Yudi Gustaman', '', 5, '0c626', NULL),
(2966, '0220120001', 'Aditia Nugroho', '', 5, '79af4', NULL),
(2967, '0220120002', 'Adrian Darmika', '', 5, '0acd3', NULL),
(2968, '0220120003', 'Afif Puliyang', '', 5, 'f3afc', NULL),
(2969, '0220120004', 'Ahmad Dendy Shaoqi', '', 5, '7d63d', NULL),
(2970, '0220120005', 'Ajeng Triani Susanti', '', 5, '92b6e', NULL),
(2971, '0220120006', 'Andiyani Setya Dewi', '', 5, '18887', NULL),
(2972, '0220120007', 'Angga Guritno', '', 5, 'f8d3c', NULL),
(2973, '0220120008', 'Anggita Intan Sari', '', 5, 'db90e', NULL),
(2974, '0220120009', 'Batara Indra Rahmadi', '', 5, 'c1614', NULL),
(2975, '0220120010', 'Camelia Rizky Nursanti', '', 5, '8dc82', NULL),
(2976, '0220120011', 'Claudiana Pohan', '', 5, '78a55', NULL),
(2977, '0220120012', 'Dia Ayu Ratnasari', '', 5, 'b359c', NULL),
(2978, '0220120013', 'Elisabet Febrina Ambarita', '', 5, '10ced', NULL),
(2979, '0220120014', 'Esa Qori Wibawa', '', 5, 'ae97e', NULL),
(2980, '0220120015', 'Fadmawati Br Marbun', '', 5, '887de', NULL),
(2981, '0220120016', 'Faris Bani Adam', '', 5, '95e23', NULL),
(2982, '0220120017', 'Firmanda Danu Trihatmojo', '', 5, 'dd5d6', NULL),
(2983, '0220120018', 'Fitri Handoko Murdo', '', 5, 'bf7a2', NULL),
(2984, '0220120019', 'Fitriyani', '', 5, '98010', NULL),
(2985, '0220120020', 'Geges Afriyanto', '', 5, 'b2267', NULL),
(2986, '0220120021', 'Ghulam Albar Ghani', '', 5, '4dc71', NULL),
(2987, '0220120022', 'Gilang Firdaus', '', 5, '6d605', NULL),
(2988, '0220120023', 'Hadid Rachmawan Putro', '', 5, 'e7739', NULL),
(2989, '0220120024', 'Iqbal Alfir Fasya ', '', 5, '7bf82', NULL),
(2990, '0220120025', 'Kresna Adhi Pratama', '', 5, 'f12ca', NULL),
(2991, '0220120026', 'Lidya Wulandari', '', 5, '28e07', NULL),
(2992, '0220120027', 'Luther Iwan', '', 5, '69b6e', NULL),
(2993, '0220120028', 'Magaline Janne Endam', '', 5, 'b8015', NULL),
(2994, '0220120029', 'Mahmud Abdurrahman', '', 5, 'f3161', NULL),
(2995, '0220120030', 'Marrisa Adinda Yustie', '', 5, '0b037', NULL),
(2996, '0220120031', 'Maulana Saputra', '', 5, '5d4a0', NULL),
(2997, '0220120032', 'Milasari', '', 5, 'e06ac', NULL),
(2998, '0220120033', 'Muhammad Faisal Al Khoir', '', 5, '28bb2', NULL),
(2999, '0220120034', 'Muhammad Ilham Akbar Hariyanto', '', 5, 'be2a1', NULL),
(3000, '0220120035', 'Muhammad Lutfi Zulfikar', '', 5, '9999a', NULL),
(3001, '0220120036', 'Muhammad Sukmajati Sp', '', 5, 'b4643', NULL),
(3002, '0220120037', 'Nicholas Ego Guarsa', '', 5, '6e69f', NULL),
(3003, '0220120038', 'Panji Kusmanto', '', 5, '7ddcf', NULL),
(3004, '0220120039', 'Puspa Karisma Dewi', '', 5, '9a238', NULL),
(3005, '0220120040', 'Rizky Anggara Krishna', '', 5, 'ffd4f', NULL),
(3006, '0220120041', 'Sanggra Adhi Wigananda', '', 5, '99479', NULL),
(3007, '0220120042', 'Surya Adi Pratama', '', 5, '730f8', NULL),
(3008, '0220120043', 'Tody Isfitazli', '', 5, '13a45', NULL),
(3009, '0220120044', 'Trijaya Santoso', '', 5, 'd00f0', NULL),
(3010, '0220120045', 'Wahyu Nur Putra Utomo', '', 5, 'c4d69', NULL),
(3011, '0220120046', 'Yola Arifianti', '', 5, 'eb99f', NULL),
(3012, '0220120047', 'Yudit Hendra Permana', '', 5, '5efda', NULL),
(3013, '0220110001', 'Aditiya Teddy Marsha', '', 5, '51c56', NULL),
(3014, '0220110002', 'Aditya Surya Putra', '', 5, 'f6381', NULL),
(3015, '0220110004', 'Andri Djatu Dwiyani', '', 5, '73345', NULL),
(3016, '0220110005', 'Andriansyah', '', 5, 'c5e9a', NULL),
(3017, '0220110006', 'Angga Permana', '', 5, 'd0041', NULL),
(3018, '0220110007', 'Angga Verera Wicaksana', '', 5, '4e252', NULL),
(3019, '0220110008', 'Annisa Qurbaini', '', 5, 'd8e3f', NULL),
(3020, '0220110009', 'Arif', '', 5, 'db31c', NULL),
(3021, '0220110010', 'Asep Syafrudin', '', 5, 'eafc0', NULL),
(3022, '0220110011', 'Aziz Nur Cholif', '', 5, '9f9db', NULL),
(3023, '0220110012', 'Bangun Widiyatmoko', '', 5, '6e4d9', NULL),
(3024, '0220110013', 'Budi Santoso', '', 5, 'f4da8', NULL),
(3025, '0220110014', 'Chahyana Dora', '', 5, '2866c', NULL),
(3026, '0220110015', 'Citra Larasati', '', 5, 'de7d9', NULL),
(3027, '0220110016', 'Danang Kusrianto', '', 5, 'fa0e3', NULL),
(3028, '0220110017', 'Dhony Setiawan', '', 5, '98230', NULL),
(3029, '0220110018', 'Doddy Aditiya', '', 5, '05628', NULL),
(3030, '0220110019', 'Farah Ayu Fithriya', '', 5, '8d4f2', NULL),
(3031, '0220110020', 'Fitroh Galuh Septiastu', '', 5, 'ee5bc', NULL),
(3032, '0220110021', 'Galih Yudha Satrio', '', 5, '73911', NULL),
(3033, '0220110022', 'Haniffudin', '', 5, '1abbd', NULL),
(3034, '0220110023', 'Heru Maheko Putra', '', 5, '556ac', NULL),
(3035, '0220110024', 'Hotma Numpak Simatupang', '', 5, '551a8', NULL),
(3036, '0220110025', 'Ika Sri Hastuti', '', 5, 'c9344', NULL),
(3037, '0220110026', 'Ilham Fahrurozi', '', 5, 'f9de4', NULL),
(3038, '0220110027', 'Liswan Rahmanda', '', 5, 'af328', NULL),
(3039, '0220110028', 'M Sofyan Adi Wibowo', '', 5, 'd9ddb', NULL),
(3040, '0220110029', 'Maulana Ahve Yunas', '', 5, '87b09', NULL),
(3041, '0220110030', 'Muhamad Rizky Nugraha.A.M', '', 5, 'e01fb', NULL),
(3042, '0220110031', 'Muhammad Ridwan', '', 5, 'b550d', NULL),
(3043, '0220110032', 'Muhammad Yusuf', '', 5, '7c496', NULL),
(3044, '0220110033', 'Najmuddin Kholish', '', 5, '46169', NULL),
(3045, '0220110034', 'Nawi Rotulhukmi', '', 5, 'aaf7a', NULL),
(3046, '0220110035', 'Nurkayati', '', 5, '35eaf', NULL),
(3047, '0220110036', 'Onky Lambang Prisetya', '', 5, '385e3', NULL),
(3048, '0220110037', 'Rahmat Ramdhani', '', 5, '90cad', NULL),
(3049, '0220110038', 'Ray Audrey', '', 5, '21b3b', NULL),
(3050, '0220110039', 'Septian Hidayat', '', 5, '2ae0a', NULL),
(3051, '0220110040', 'Sutanti', '', 5, '1852e', NULL),
(3052, '0220110041', 'Syifa Sulindhiana', '', 5, 'bed80', NULL),
(3053, '0220110042', 'Try Rengga Putra', '', 5, '9bec0', NULL),
(3054, '0320130001', 'Abd Rochman', '', 1, '2c1bd', NULL),
(3055, '0320130002', 'Adhi Pradana', '', 1, 'eccc1', NULL),
(3056, '0320130003', 'Ardiansyah Putra Pinem', '', 1, 'b1e14', NULL),
(3057, '0320130004', 'Ayu Chairunisa', '', 1, '232ed', NULL),
(3058, '0320130005', 'Caesar Louis Widodo Valentino', '', 1, '7f24d', NULL),
(3059, '0320130006', 'Debby Rizky Audina', '', 1, '911ac', NULL),
(3060, '0320130007', 'Elsa Dwi Permata Sari', '', 1, '04632', NULL),
(3061, '0320130008', 'Fachmi Husein Ramadhan', '', 1, '3df72', NULL),
(3062, '0320130009', 'Fransiskus Dimas Prabowo', '', 1, 'aeee9', NULL),
(3063, '0320130010', 'Giffari Diaz Adyaksa', '', 1, '69dab', NULL),
(3064, '0320130011', 'Hanifah', '', 1, 'd21d5', NULL),
(3065, '0320130012', 'Herliana', '', 1, '7448d', NULL),
(3066, '0320130013', 'Hence Ronald Runtuwene', '', 1, 'e5d09', NULL),
(3067, '0320130014', 'Ion Aripto Nur Buwono', '', 1, 'b67a5', NULL),
(3068, '0320130015', 'Izzha Kurniawan', '', 1, 'e6745', NULL),
(3069, '0320130016', 'Luthfy Andhika Rama Saputra', '', 1, '09ec5', NULL),
(3070, '0320130017', 'Marco Satrio Wicaksono', '', 1, 'ff2c4', NULL),
(3071, '0320130018', 'Marthina Denise Alfons', '', 1, 'c4cd8', NULL),
(3072, '0320130019', 'Merlina Eriyanti', '', 1, '3e152', NULL),
(3073, '0320130020', 'Muhammad Fariz Ali Rahman', '', 1, 'f152c', NULL),
(3074, '0320130021', 'Muhammad Saiful Bahri', '', 1, '4ed2e', NULL),
(3075, '0320130022', 'Nur Chomarillatifah', '', 1, 'ef53f', NULL),
(3076, '0320130024', 'Rini Zaini', '', 1, 'a4379', NULL),
(3077, '0320130025', 'Rio Arief Rachman', '', 1, '42004', NULL),
(3078, '0320130026', 'Rizqi Reza Valhevi', '', 1, '3f622', NULL),
(3079, '0320130027', 'Sudirman Hafidz', '', 1, '86cb0', NULL),
(3080, '0320130028', 'Vincensius Andre Pradana Putra', '', 1, 'f4df4', NULL),
(3081, '0320130029', 'Yudo Maryanto', '', 1, '42c10', NULL),
(3082, '0320130030', 'Zahra Nurul Karimah', '', 1, '8b718', NULL),
(3083, '0320120001', 'Adhi Jaya Negoro', '', 1, '4f060', NULL),
(3084, '0320120002', 'Aprilia', '', 1, 'f4b9e', NULL),
(3085, '0320120003', 'Asri Aisyah', '', 1, '05c98', NULL),
(3086, '0320120004', 'Baghas Libra Sakti', '', 1, '601be', NULL),
(3087, '0320120005', 'Bangga Ari Saputra', '', 1, 'a8980', NULL),
(3088, '0320120006', 'Daya Rajifah Radifah', '', 1, '8cda1', NULL),
(3089, '0320120007', 'Dena Sri Trihandayani', '', 1, '6da6f', NULL),
(3090, '0320120008', 'Dewinta Apriliana', '', 1, 'dee7c', NULL),
(3091, '0320120009', 'Diah Windasari', '', 1, 'e7564', NULL),
(3092, '0320120010', 'Dwi Muktianto', '', 1, '2dbf8', NULL),
(3093, '0320120011', 'Dwi Wulandari', '', 1, 'f6d68', NULL),
(3094, '0320120012', 'Emilia Inggrid Savitri', '', 1, 'c67dc', NULL),
(3095, '0320120013', 'Feni Oktaviani', '', 1, 'c4271', NULL),
(3096, '0320120014', 'Fitri Kusuma Dewi', '', 1, '579b1', NULL),
(3097, '0320120015', 'Hafizh Radifan Fakhry', '', 1, '0dd4f', NULL),
(3098, '0320120016', 'Insusi Susanti', '', 1, 'f4241', NULL),
(3099, '0320120017', 'Kunti Delima Sari', '', 1, '6509f', NULL),
(3100, '0320120018', 'Muhammad Ilham Januardy', '', 1, '12ec6', NULL),
(3101, '0320120019', 'Muhammad Iqbal Cahyo Irawan', '', 1, '5d1d5', NULL),
(3102, '0320120020', 'Muhammad Syarif Hidayatullah', '', 1, '67283', NULL),
(3103, '0320120021', 'Muliya Jaya Fathullah', '', 1, '7c16d', NULL),
(3104, '0320120022', 'Novita Kumala Sari', '', 1, '33bcf', NULL),
(3105, '0320120023', 'Nurlita Diantini', '', 1, 'a93a3', NULL),
(3106, '0320120024', 'Pamungkas Utomo', '', 1, '90afd', NULL),
(3107, '0320120025', 'Ramdhan Syuhada', '', 1, '2c09d', NULL),
(3108, '0320120026', 'Rendi Eka Putra Suherman', '', 1, '1a9be', 1),
(3109, '0320120027', 'Sisia Dika Ariyanto', '', 1, 'dfc6b', NULL),
(3110, '0320120028', 'Sofiyantoro', '', 1, 'b0d57', NULL),
(3111, '0320120029', 'V. Radyka Prima Wicaksana', '', 1, 'c585d', NULL),
(3112, '0320120030', 'Wasita Anggara', '', 1, '8cf66', NULL),
(3113, '0320120031', 'Yunita Sari', '', 1, '8734e', NULL),
(3114, '0320110001', 'Aar Hikmawan', '', 1, 'e53c1', NULL),
(3115, '0320110002', 'Agnes Nastiti', '', 1, '720d2', NULL),
(3116, '0320110003', 'Aida Zakiyatus Saadah', '', 1, 'cd625', NULL),
(3117, '0320110004', 'Alliq Nur Imanin Aji', '', 1, 'b33d0', NULL),
(3118, '0320110005', 'Annisa Shabrina', '', 1, '47bbe', NULL),
(3119, '0320110006', 'Arman Kristanto', '', 1, '77a1a', NULL),
(3120, '0320110007', 'Aryani Vidiastuti', '', 1, '28f8f', NULL),
(3121, '0320110008', 'Ayu Lestari', '', 1, 'f1f43', NULL),
(3122, '0320110009', 'Elvira Puspita Sari', '', 1, '9f2f3', NULL),
(3123, '0320110010', 'Ghea Gayatri', '', 1, '31a48', NULL),
(3124, '0320110011', 'Ivan Pradana', '', 1, '63dca', NULL),
(3125, '0320110012', 'Julian Agam Riantiadi', '', 1, '2269d', NULL),
(3126, '0320110013', 'Mirna Puji Rahayu', '', 1, '59253', NULL),
(3127, '0320110014', 'Muhammad Fajar Adythia', '', 1, '8a5c0', NULL),
(3128, '0320110015', 'Muhammad Galih Saputra', '', 1, 'b803b', NULL),
(3129, '0320110016', 'Mutiara Santoso Putri', '', 1, 'c2a6c', NULL),
(3130, '0320110017', 'Nurul Inayah Ika', '', 1, 'c1a06', NULL),
(3131, '0320110018', 'Okky Marita Sari', '', 1, '9b7dc', NULL),
(3132, '0320110019', 'Peny Lisanti', '', 1, '4e364', NULL),
(3133, '0320110020', 'Putri Ayu Permatasari', '', 1, '2a2df', NULL),
(3134, '0320110021', 'Ratria Mayangga Kunti', '', 1, 'bf498', NULL),
(3135, '0320110022', 'Ririn Suci Sundari', '', 1, '4ab16', NULL),
(3136, '0320110023', 'Rizqi Dhita Wardhanik', '', 1, 'e4317', NULL),
(3137, '0320110024', 'Ryanda Taufik', '', 1, '7dc44', NULL),
(3138, '0320110025', 'Selfy Mince Deda', '', 1, 'b24ea', NULL),
(3139, '0320110026', 'Tommy Wisnu Wardhana', '', 1, 'daaa5', NULL),
(3140, '0320110027', 'Vita Kumala Jati', '', 1, '5ba53', NULL),
(3141, '0320110028', 'Yanes Hardianto', '', 1, 'b4c67', NULL),
(3142, '0320110029', 'Yoni Efriyatna Septiawan', '', 1, '230d7', NULL),
(3143, '0220130033', 'Afif Mushlihuddin', '', 2, '0a698', NULL),
(3144, '0220130034', 'Agus Fatha Yasin', '', 2, '28b9e', NULL),
(3145, '0220130035', 'Andhiko Palito F', '', 2, '6caef', NULL),
(3146, '0220130036', 'Andrea Pitaloka', '', 2, '83d22', NULL),
(3147, '0220130037', 'Basyiruddin Asyrof', '', 2, 'eabe4', NULL),
(3148, '0220130038', 'Bayu Prakoso', '', 2, '22e10', NULL),
(3149, '0220130039', 'Christian', '', 2, 'a7294', NULL),
(3150, '0220130040', 'Dwita Khaendy Putri', '', 2, '356cd', NULL),
(3151, '0220130041', 'Elsan Alpha Karuniawan', '', 2, '93d01', NULL),
(3152, '0220130042', 'Fariz Risky Pratama', '', 2, '28edb', NULL),
(3153, '0220130043', 'Firdy Febrianto', '', 2, '48a2b', NULL),
(3154, '0220130044', 'Hanif Setyo Nugroho', '', 2, 'c30bb', NULL),
(3155, '0220130045', 'Hasim Al Majid', '', 2, 'fd696', NULL),
(3156, '0220130046', 'Iqbal Hervinaldi Putra', '', 2, 'be6e8', NULL),
(3157, '0220130047', 'Jannata Rizki Salsabila', '', 2, '01ab0', NULL),
(3158, '0220130048', 'Mohammad Tri Prastio', '', 2, 'fd815', NULL),
(3159, '0220130049', 'Muhammad Abdul Rahman Nurdin', '', 2, 'efe5b', NULL),
(3160, '0220130050', 'Muhammad Afif Assidiq', '', 2, '80907', NULL),
(3161, '0220130051', 'Muhammad Lazuardi Tauhidi', '', 2, '8bfc7', NULL),
(3162, '0220130052', 'Muklas Iqbal Danifan', '', 2, '9d412', NULL),
(3163, '0220130053', 'Nurhikmah Dewi Wulansari', '', 2, '9e7b7', NULL),
(3164, '0220130054', 'Parwoto', '', 2, '68c1f', NULL),
(3165, '0220130055', 'Prasetiyo Asdi Wibowo', '', 2, 'b96d2', NULL),
(3166, '0220130056', 'Rayaldi Muhammad', '', 2, '953bb', NULL),
(3167, '0220130057', 'Rian Tutut Riestiawan', '', 2, 'd3064', NULL),
(3168, '0220130058', 'Rizky Awaludin Latief', '', 2, '2aa34', NULL),
(3169, '0220130059', 'Robby Cahyadi', '', 2, 'c759e', NULL),
(3170, '0220130060', 'Wahyu Yulia Devi', '', 2, '95df5', NULL),
(3171, '0220130061', 'Wina Novia Nuraeni', '', 2, '9f050', NULL),
(3172, '0220130062', 'Zaldi Ardisky Nugraha', '', 2, '30535', NULL),
(3173, '0220120048', 'Aang Kunnaifi', '', 2, '0d176', NULL),
(3174, '0220120049', 'Ahmad Jati Widodo', '', 2, '95cbc', NULL),
(3175, '0220120050', 'Ahmad Nugroho', '', 2, '085bb', NULL),
(3176, '0220120051', 'Ardhinata Bayu Kurniawan', '', 2, '76b16', NULL),
(3177, '0220120053', 'Damar Ardyansyah', '', 2, '1e4ac', NULL),
(3178, '0220120054', 'Ferdian Paturachman', '', 2, 'cd588', NULL),
(3179, '0220120055', 'Firdaus Karim', '', 2, '664de', NULL),
(3180, '0220120056', 'Harits Abdurrahman', '', 2, 'ac23a', NULL),
(3181, '0220120057', 'Hegaline Ferdi Endam', '', 2, 'aa633', NULL),
(3182, '0220120058', 'Ikhtiar Dwi Arifudin', '', 2, '1a791', NULL),
(3183, '0220120059', 'Irfan Sulistiyono Putro', '', 2, 'ada0c', NULL),
(3184, '0220120061', 'Laeli Nur Rohmawati', '', 2, '44f59', NULL),
(3185, '0220120062', 'Moh Faiza Abu Rizal', '', 2, '54976', NULL),
(3186, '0220120063', 'Muchammad Dwi Octaviano', '', 2, '31bd6', NULL),
(3187, '0220120064', 'Muhammad Ichsandy', '', 2, 'de7aa', NULL),
(3188, '0220120065', 'Muhammad Imam Tommy', '', 2, '8f966', NULL),
(3189, '0220120066', 'Muhammad Taufik', '', 2, 'e0874', NULL),
(3190, '0220120067', 'Muhammad Yunus', '', 2, '17fa9', NULL),
(3191, '0220120068', 'Rahardian Faizal Zuhdi', '', 2, '5c209', NULL),
(3192, '0220120069', 'Ramadhian Yumarestu', '', 2, 'e8795', NULL),
(3193, '0220120070', 'Rizka Cindyantika Tiara Ayu Pratiwi', '', 2, 'd435a', NULL),
(3194, '0220120071', 'Sri Lestari', '', 2, '941d6', NULL),
(3195, '0220120072', 'Sukhufi Dasatu Ikrarno', '', 2, 'ecbad', NULL),
(3196, '0220120075', 'Yoga Damara', '', 2, '31a59', NULL),
(3197, '0220110049', 'Fahmi Ardiansyah', '', 2, 'b0ec4', NULL),
(3198, '0420130049', 'Agung Prihantoro', '', 4, '16667', NULL),
(3199, '0420130050', 'Ahmad Musyafa', '', 4, 'f400b', NULL),
(3200, '0420130051', 'Aidhanis Kusuma Praja', '', 4, 'a161d', NULL),
(3201, '0420130052', 'Alif Fadillah Akhmad', '', 4, 'd9183', NULL),
(3202, '0420130053', 'Angga Saputra', '', 4, '2b057', NULL),
(3203, '0420130054', 'Awan Novikatama', '', 4, '56da0', NULL),
(3204, '0420130055', 'Canang Khoirul Huda', '', 4, '14bbc', NULL),
(3205, '0420130056', 'Dimas Haryo Dwi Pramudyo', '', 4, 'c9fd7', NULL),
(3206, '0420130057', 'Elwyn Rahmad Hidayat ', '', 4, '0a992', NULL),
(3207, '0420130058', 'Endra Yunani', '', 4, '5f927', NULL),
(3208, '0420130059', 'Erick Maryansah', '', 4, '26da2', NULL),
(3209, '0420130060', 'Erza Maulana', '', 4, '66c9e', NULL),
(3210, '0420130061', 'Fathur Rahman Saleh', '', 4, 'fa6c8', NULL),
(3211, '0420130062', 'Fauzan Billy Damato', '', 4, '3b98e', NULL),
(3212, '0420130063', 'Fauzan Yusuf Basuki', '', 4, '2de35', NULL),
(3213, '0420130064', 'Gian Panji Ramadhan', '', 4, 'd98a7', NULL),
(3214, '0420130065', 'Herru Setiawan', '', 4, '49dc6', NULL),
(3215, '0420130066', 'Khairil Zumar', '', 4, '6065e', NULL),
(3216, '0420130067', 'Mohammad Maliki Alvianto Putra', '', 4, 'f84d9', NULL),
(3217, '0420130068', 'Muhammad Farid Rozaki', '', 4, '61d29', NULL),
(3218, '0420130069', 'Muhammad Mas Dul Haq', '', 4, 'fe016', NULL),
(3219, '0420130070', 'Okhie Suhastra', '', 4, '4fec7', NULL),
(3220, '0420130071', 'Pipin Kurniawan', '', 4, '6e035', NULL),
(3221, '0420130072', 'Ricky Dermawan', '', 4, '073f1', NULL),
(3222, '0420130073', 'Rizza Afsany', '', 4, '75285', NULL),
(3223, '0420130074', 'Sigit Nur Adi Pramana', '', 4, '1fa3b', NULL),
(3224, '0420130075', 'Sukron Salasa', '', 4, 'e34ec', NULL),
(3225, '0420130076', 'Triascahya Dirgantara Adhiasa', '', 4, 'fa838', NULL),
(3226, '0420130077', 'Uray Muhammad Farhan', '', 4, '5c495', NULL),
(3227, '0420130078', 'Zikri Ahya Ramadhan', '', 4, '8d780', NULL),
(3228, '0420130001', 'Ady Siswanto', '', 6, 'bb1e5', NULL),
(3229, '0420130002', 'Ahmad Dzulfikar Haidar', '', 6, 'c7b30', NULL),
(3230, '0420130003', 'Aji Sulistio', '', 6, 'c018f', NULL),
(3231, '0420130004', 'Andrai Wicaksono', '', 6, '64a0b', NULL),
(3232, '0420130005', 'Aries Prihantoro ', '', 6, 'f0158', NULL),
(3233, '0420130007', 'Arif Rahman Taher', '', 6, '9dbdb', NULL),
(3234, '0420130008', 'Arizal Ramadhana Setya Dewa', '', 6, 'dd948', NULL),
(3235, '0420130009', 'Awaludin Mahmud Lhutfi Aziz', '', 6, '241fe', NULL),
(3236, '0420130010', 'Ayodhia Bagaskara Nugraha', '', 6, 'adef2', NULL),
(3237, '0420130011', 'Bejo Margono', '', 6, '3d04a', NULL),
(3238, '0420130012', 'Billie Gunadi', '', 6, '8f2cb', NULL),
(3239, '0420130013', 'David Arga Aithana', '', 6, '23e2d', NULL),
(3240, '0420130014', 'Dedek Sunjaya Irawan', '', 6, '4e485', NULL),
(3241, '0420130015', 'Dimas Eki Hutama', '', 6, '11873', NULL),
(3242, '0420130017', 'Dwi Prasetyo', '', 6, 'd377e', NULL),
(3243, '0420130018', 'Faisal Akbar', '', 6, 'fe6f0', NULL),
(3244, '0420130019', 'Faust Sandy', '', 6, 'bcb6a', NULL),
(3245, '0420130022', 'Khusni Setyawan', '', 6, '7e635', NULL),
(3246, '0420130023', 'Moch Yusuf Kurniawan', '', 6, '88497', NULL),
(3247, '0420130025', 'Mochammad Fadli Achmadi', '', 6, '70d6d', NULL),
(3248, '0420130026', 'Mohamad Iqbal', '', 6, '90ebe', NULL),
(3249, '0420130027', 'Muhamad Khalel', '', 6, '42e3d', NULL),
(3250, '0420130029', 'Muhammad Rizky Andratama', '', 6, 'da2d4', NULL),
(3251, '0420130030', 'Muhammad Rosyid Arridho', '', 6, '4d268', NULL),
(3252, '0420130006', 'Arif Eliya Bengu', '', 6, 'e200e', NULL),
(3253, '0420130016', 'Doni Widi Prasetya Jaya', '', 6, 'f5114', NULL),
(3254, '0420130020', 'Gilang Mulyono', '', 6, '8e97c', NULL),
(3255, '0420130021', 'Imam Munandar', '', 6, 'e0172', NULL),
(3256, '0420130024', 'Mochammad Akbar Rizky', '', 6, 'bcfcd', NULL),
(3257, '0420130028', 'Muhammad Jundi Alfaqih', '', 6, 'c04ed', NULL),
(3258, '0420130031', 'Peter Nugroho Gusti', '', 6, '1d0b9', NULL),
(3259, '0420130032', 'Prastia Alfisyahrin', '', 6, 'd803b', NULL),
(3260, '0420130033', 'Puspa Miranda', '', 6, '4b38c', NULL),
(3261, '0420130034', 'Radix Chandara Nugraha Putra', '', 6, '4c19f', NULL),
(3262, '0420130035', 'Rezki Apriana Effendi', '', 6, '71a87', NULL),
(3263, '0420130036', 'Ridho Renata Rizkyafrian Triyanto', '', 6, '7a78f', NULL),
(3264, '0420130037', 'Rohmat Qolbi Saliim', '', 6, '6b9b5', NULL),
(3265, '0420130038', 'Sambu Apriliyanto', '', 6, 'feca5', NULL),
(3266, '0420130039', 'Sigit Rizki Prabowo', '', 6, 'd41b0', NULL),
(3267, '0420130040', 'Teguh Yulianto', '', 6, '4d42d', NULL),
(3268, '0420130041', 'Topani', '', 6, '960d2', NULL),
(3269, '0420130042', 'Tri Subangga', '', 6, '2e999', NULL),
(3270, '0420130043', 'Tunggul Putra Utama', '', 6, '8605b', NULL),
(3271, '0420130044', 'Wahyudi Ahmad Soleh', '', 6, '42d06', NULL),
(3272, '0420130045', 'Wisnu Aji Nugroho', '', 6, '908c7', NULL),
(3273, '0420130046', 'Yopi', '', 6, 'fd696', NULL),
(3274, '0420130047', 'Yudha Berlian Pitoyo', '', 6, 'cf66a', NULL),
(3275, '0420130048', 'Zaka', '', 6, '8249c', NULL),
(3276, '0220130063', 'Agro Susanto', '', 7, 'e4e8a', NULL),
(3277, '0220130064', 'Dwi Cahyo Saputro', '', 7, 'a3fae', NULL),
(3278, '0220130065', 'Eko Yuliyanto', '', 7, '5e055', NULL),
(3279, '0220130066', 'Elberto Tarigan', '', 7, '610c4', NULL),
(3280, '0220130067', 'Faizal Rachmansyah', '', 7, 'faeed', NULL),
(3281, '0220130068', 'Frengky Arnoldi Tarigan', '', 7, 'c65a8', NULL),
(3282, '0220130069', 'Hengky Aprigo Shandy', '', 7, 'a9549', NULL),
(3283, '0220130070', 'Ilham Nur Aziz', '', 7, '33dc3', NULL),
(3284, '0220130071', 'Johan Felany Sihombing', '', 7, '8eb22', NULL),
(3285, '0220130072', 'Juliana Sosana Harahap', '', 7, '5e915', NULL),
(3286, '0220130073', 'Karnila', '', 7, '50c85', NULL),
(3287, '0220130074', 'M Andy Saputra Tanjung', '', 7, '5394a', NULL),
(3288, '0220130075', 'Maria Teresa Alviana', '', 7, '966fb', NULL),
(3289, '0220130076', 'Moch Abrori', '', 7, '72cb7', NULL),
(3290, '0220130077', 'Muhammad Iqbal Alfurqon', '', 7, '84dc5', NULL),
(3291, '0220130078', 'Nizar', '', 7, '5ae74', NULL),
(3292, '0220130079', 'Nurjanah', '', 7, 'f0a85', NULL),
(3293, '0220130080', 'Rijkhy Syakur Azindha', '', 7, 'ffa75', NULL),
(3294, '0220130081', 'Ringga Musdan Syahputra', '', 7, '6714e', NULL),
(3295, '0220130082', 'Robby Hartawiguna', '', 7, '69a3e', NULL),
(3296, '0220130083', 'Shendy Setiawan', '', 7, '8b691', NULL),
(3297, '0220130084', 'Slamet Sugono', '', 7, 'f663c', NULL),
(3298, '0220130085', 'Tofan Hidayat', '', 7, '09973', NULL),
(3299, '0220130086', 'Yunda Febrilianingsih', '', 7, 'f8145', NULL),
(3300, '0220120076', 'Ananda Aulia', '', 7, '69fa5', NULL),
(3301, '0220120077', 'Ariatno', '', 7, '056b7', NULL),
(3302, '0220120078', 'Danang Listiyanto', '', 7, '507c7', NULL),
(3303, '0220120079', 'Eka Jayanti', '', 7, 'a6312', NULL),
(3304, '0220120080', 'Emilisa Obpiana', '', 7, '390fa', NULL),
(3305, '0220120081', 'Evryza Dwi Swantariya', '', 7, 'a3fdc', NULL),
(3306, '0220120082', 'Fauzi Ahmad', '', 7, '8c8a2', NULL),
(3307, '0220120083', 'Ghani Wicaksana Rahmansyah', '', 7, '57196', NULL),
(3308, '0220120084', 'Herzas Friskawati', '', 7, '14e79', NULL),
(3309, '0220120085', 'Makmur Arifin', '', 7, '9da7f', NULL),
(3310, '0220120086', 'Miftahur Rusydi', '', 7, '089cc', NULL),
(3311, '0220120087', 'Mohamad Rifki Septian', '', 7, 'cb7b3', NULL),
(3312, '0220120088', 'Mohamad Syaiful Huda', '', 7, '642ba', NULL),
(3313, '0220120089', 'Nur Endraningsih', '', 7, 'fc23f', NULL),
(3314, '0220120090', 'Nur Rochmawati', '', 7, 'ed0e4', NULL),
(3315, '0220120091', 'Okvita Cahyaningtyas', '', 7, '29934', NULL),
(3316, '0220120092', 'Parantio Bagus Nugroho', '', 7, '879ae', NULL),
(3317, '0220120093', 'Risca Wulandari', '', 7, 'f562f', NULL),
(3318, '0220120094', 'Seprianus Yapogau', '', 7, '865fd', NULL),
(3319, '0220120095', 'Talitha Salma Riyanto', '', 7, '96b8c', NULL),
(3320, '0220120096', 'Tedi Perdana', '', 7, '3caec', NULL),
(3321, '0220120097', 'Triono K', '', 7, '77cd5', NULL),
(3322, '0220120098', 'Yheti Aprillia H', '', 7, '4c07a', NULL),
(3323, '0220120099', 'Zainal Fuad', '', 7, 'facab', NULL),
(3324, '0220110069', 'Ahmad Zulhazman Yasum', '', 7, '39d4d', NULL),
(3325, '0220110070', 'Anggy Setiawan', '', 7, 'c0690', NULL),
(3326, '0220110071', 'Arino Aprindo Putra', '', 7, '66749', NULL),
(3327, '0220110072', 'Aron Medianta Saragih', '', 7, 'ff289', NULL),
(3328, '0220110073', 'Bayu Imani Astika R', '', 7, 'c3182', NULL),
(3329, '0220110074', 'Eka Nurjanah', '', 7, 'f783c', NULL),
(3330, '0220110075', 'Erlin Trisna Sanjaya', '', 7, 'b2c3c', NULL),
(3331, '0220110076', 'Hendrik Yulianto', '', 7, '57c8d', NULL),
(3332, '0220110077', 'Irgu Yanti', '', 7, '87d4f', NULL),
(3333, '0220110078', 'Jaja', '', 7, '16c4c', NULL),
(3334, '0220110079', 'Lyssa Purwanti', '', 7, 'bbcbc', NULL),
(3335, '0220110080', 'Manto', '', 7, '9df76', NULL),
(3336, '0220110081', 'Martio Ajhi Catur Prakoso', '', 7, '206a3', NULL),
(3337, '0220110082', 'Muhamad Rizki Ananda', '', 7, '03fd6', NULL),
(3338, '0220110083', 'Muhammad Faqih Wicaksono', '', 7, 'c4371', NULL),
(3339, '0220110084', 'Muhammad Fauzi', '', 7, '1ce92', NULL),
(3340, '0220110085', 'Muhammad Ikbal', '', 7, 'f7f79', NULL),
(3341, '0220110086', 'Okta Aulia Noor Maajida', '', 7, 'fb794', NULL),
(3342, '0220110087', 'Rahmat Al Amin', '', 7, 'c1a53', NULL),
(3343, '0220110088', 'Rudi Wuryanto', '', 7, '78268', NULL),
(3344, '0220110089', 'Rustanto', '', 7, 'af43b', NULL),
(3345, '0220110090', 'Santana Jacob', '', 7, '9f15f', NULL),
(3346, '0220110091', 'Siyokta Rika Anugrah', '', 7, 'a952c', NULL),
(3347, '0220110092', 'Whaiz Al Qadri', '', 7, 'f7c7c', NULL);

-- --------------------------------------------------------

--
-- Table structure for table `polling`
--

CREATE TABLE IF NOT EXISTS `polling` (
  `id` int(11) NOT NULL AUTO_INCREMENT,
  `fkPemilih` int(11) NOT NULL,
  `fkTipePilihan` int(11) NOT NULL,
  `fkCalonPilihan` int(11) NOT NULL,
  `tanggalPilih` datetime NOT NULL,
  PRIMARY KEY (`id`),
  UNIQUE KEY `fkPemilh` (`fkPemilih`,`fkTipePilihan`),
  KEY `fkTipePilihan` (`fkTipePilihan`),
  KEY `fkCalonPilihan_2` (`fkCalonPilihan`)
) ENGINE=InnoDB  DEFAULT CHARSET=latin1 AUTO_INCREMENT=3 ;

--
-- Dumping data for table `polling`
--

INSERT INTO `polling` (`id`, `fkPemilih`, `fkTipePilihan`, `fkCalonPilihan`, `tanggalPilih`) VALUES
(1, 3108, 1, 41, '2013-12-06 10:06:28'),
(2, 3108, 2, 42, '2013-12-06 10:06:59');

-- --------------------------------------------------------

--
-- Table structure for table `prodi`
--

CREATE TABLE IF NOT EXISTS `prodi` (
  `id` int(11) NOT NULL AUTO_INCREMENT,
  `name` varchar(150) NOT NULL,
  `alias` varchar(50) NOT NULL,
  PRIMARY KEY (`id`)
) ENGINE=InnoDB  DEFAULT CHARSET=latin1 AUTO_INCREMENT=8 ;

--
-- Dumping data for table `prodi`
--

INSERT INTO `prodi` (`id`, `name`, `alias`) VALUES
(1, 'Manajemen Informatika', 'MI'),
(2, 'Mekatronika', 'MK'),
(3, 'Pembuatan Peralatan & Perkakas Produksi', 'P4'),
(4, 'Teknik Alat Berat', 'TAB'),
(5, 'Teknik Produksi Manufaktur', 'TPM'),
(6, 'Teknik Otomotif', 'TO'),
(7, 'Teknik Pengolahan Hasil Perkebunan', 'TPHP');

-- --------------------------------------------------------

--
-- Table structure for table `tipepilihan`
--

CREATE TABLE IF NOT EXISTS `tipepilihan` (
  `id` int(11) NOT NULL AUTO_INCREMENT,
  `nama` varchar(150) NOT NULL,
  `global` tinyint(1) NOT NULL,
  PRIMARY KEY (`id`)
) ENGINE=InnoDB  DEFAULT CHARSET=latin1 AUTO_INCREMENT=3 ;

--
-- Dumping data for table `tipepilihan`
--

INSERT INTO `tipepilihan` (`id`, `nama`, `global`) VALUES
(1, 'BEM', 1),
(2, 'MPM', 0);

--
-- Constraints for dumped tables
--

--
-- Constraints for table `calonpilihan`
--
ALTER TABLE `calonpilihan`
  ADD CONSTRAINT `fkey_calon_prodi` FOREIGN KEY (`fkProdi`) REFERENCES `prodi` (`id`) ON DELETE CASCADE ON UPDATE CASCADE,
  ADD CONSTRAINT `fkey_calon_tipe` FOREIGN KEY (`fkTipePilihan`) REFERENCES `tipepilihan` (`id`) ON DELETE CASCADE ON UPDATE CASCADE;

--
-- Constraints for table `pemilih`
--
ALTER TABLE `pemilih`
  ADD CONSTRAINT `fkey_pemilih_prodi` FOREIGN KEY (`fkProdi`) REFERENCES `prodi` (`id`) ON DELETE CASCADE ON UPDATE CASCADE;

--
-- Constraints for table `polling`
--
ALTER TABLE `polling`
  ADD CONSTRAINT `fkey_polling_calon` FOREIGN KEY (`fkCalonPilihan`) REFERENCES `calonpilihan` (`id`) ON DELETE CASCADE ON UPDATE CASCADE,
  ADD CONSTRAINT `fkey_polling_pemilih` FOREIGN KEY (`fkPemilih`) REFERENCES `pemilih` (`id`) ON DELETE CASCADE ON UPDATE CASCADE,
  ADD CONSTRAINT `fkey_polling_tipe` FOREIGN KEY (`fkTipePilihan`) REFERENCES `tipepilihan` (`id`) ON DELETE CASCADE ON UPDATE CASCADE;
